creationDate|tweetText|likes|retweets
2020-02-28 17:17:58|Discussing climate, sustainability, and preserving the natural world with President @EmmanuelMacron today in Paris. #BezosEarthFund #ClimatePledge https://t.co/1WJe18nc3l|28053|2284
2020-02-03 02:16:32|I just took a DNA test, turns out I‚Äôm 100% @lizzo‚Äôs biggest fan. #SBLIV https://t.co/RhOduXk8Qd|107220|12407
2020-01-29 17:30:21|Hey, Alexa ‚Äî show everyone our upcoming Super Bowl ad. Thanks @TheEllenShow and @PortiaDeRossi! https://t.co/U8Qua3dhwg|19761|2618
2020-01-22 19:03:20|#Jamal https://t.co/8ej1rUBXVb|35258|5396
2020-01-20 03:04:23|Hey, India. We‚Äôre rolling out our new fleet of electric delivery rickshaws. Fully electric. Zero carbon. #ClimatePledge https://t.co/qFXdZOsY4y|71757|9802
2020-01-19 11:53:39|Proud of the program we have in India to hire and train deaf associates at our delivery stations. Managers learn basic sign language to be able to communicate. Meeting this group was a moving experience for me. https://t.co/gGm0dvCjkX|26589|2480
2020-01-18 07:52:25|Amazon partners with thousands of kirana stores all over India as delivery points. It‚Äôs good for customers, and it helps the shop owners earn additional income. Got to visit one in Mumbai. Thank you, Amol, for letting me deliver a package. #MSME https://t.co/VpoHUoJOIH|26421|2481
2020-01-17 11:46:23|Lots of fun on stage with @iamsrk and Zoya Akhtar. https://t.co/wdZ2tEsySX|32562|5173
2020-01-16 10:11:59|Grabbing a quick selfie with @AmitAgarwal at India‚Äôs small business summit. Everyone squeeze in a little tighter! #amazonsmbhav https://t.co/IvsciKDyiu|12605|729
2020-01-15 14:11:04|Dynamism. Energy. Democracy. #IndianCentury https://t.co/U6cKJO60Rz|19430|3609
2020-01-14 15:04:42|"Just landed in India and spent a beautiful afternoon paying my respects to someone who truly changed the world. ‚ÄúLive as if you were to die tomorrow. Learn as if you were to live forever."" - Mahatma Gandhi. https://t.co/xDXAT9cBgf"|59551|8569
2019-12-17 23:07:07|Toured @LeeMontessori in Washington D.C. with a team from Day 1 Academies. It was great to meet these kids ‚Äî they‚Äôre energetic and energizing. Lee is doing an amazing job unleashing their love of learning. https://t.co/1eLIFcPeGD|5424|482
2019-12-12 03:21:03|Picture perfect flight @BlueOrigin. And this vehicle has now flown to space &amp; back six times making this a new milestone. We carried 23 payloads today including thousands of postcards from kids all over the world for @ClubforFuture. Keep them coming kids &amp; we‚Äôll keep flying them! https://t.co/ZrjaknJh1t|11150|1388
2019-11-22 21:56:17|Nice! Amazon ranked #1 best managed company. Definitely the result of strong teamwork from people who care deeply and passionately about customers, their fellow employees, and the environment. Huge thank you and kudos to all Amazonians. https://t.co/ykH65fQ0pG|9300|1117
2019-11-21 14:19:51|Excited to announce this year's Bezos Day One grants. Thank you to these 32 organizations in 23 states working to end homelessness. I recently spent time with the amazing team at Community of Hope in Washington, D.C. ‚Äì one of last year‚Äôs grantees. https://t.co/Lfy5LUWT99 https://t.co/L0JeDUrjAY|3283|433
2019-11-11 14:02:42|Congrats to David &amp; all the veterans graduating from the Amazon Apprenticeship program who are now in technical careers! They join the more than 21,000 veterans and military spouses working at Amazon. Huge thank you to them and all who‚Äôve served. #VeteransDay #AmazonWarriors https://t.co/Fx6q9KJEkw|6394|500
2019-10-22 21:15:14|It‚Äôs time to go back to the Moon, this time to stay. @LockheedMartin @northropgrumman @DraperLab @blueorigin #gradatimferociter https://t.co/SMEUdriJhh|8638|1425
2019-10-21 19:41:50|Dropped in on an #AmazonFutureEngineer class at Dunbar H.S. in D.C. today. We‚Äôre committed to bringing more resources to kids from underserved communities, and I‚Äôm proud to say we‚Äôre now funding computer science in more than 2,000 high schools across the U.S. #NextGeneration https://t.co/HrFdIfrSDf|11123|1320
2019-09-24 13:33:30|Thank you to our customers who donated relief items for a second Amazon Air plane of humanitarian aid. Together, more than 400,000 Amazon-donated &amp; customer-donated items have been provided to those affected by #HurricaneDorian in the Bahamas &amp; the US. https://t.co/NAcnQs4mx9 https://t.co/01jh0Y5bZr|4249|396
2019-09-24 01:40:02|A record year of #Emmy wins for @PrimeVideo - fantastic work. Huge congrats to the winners and teams behind @Fleabag, @MaiselTV, and A Very English Scandal! https://t.co/KS2NLZpY88|3590|242
2019-09-22 19:27:34|Good luck to @RachelBros, Phoebe Waller-Bridge, the @MaiselTV and @Fleabag teams, and all @PrimeVideo shows up for #Emmys tonight! https://t.co/mTTj82hfeK|2818|207
2019-09-21 00:43:31|RT @JayCarney: If you can‚Äôt compete with lower prices and better services, then secretly fund phony ‚Äúgrassroots‚Äù attack campaigns. #Ugly. h‚Ä¶|0|223
2019-09-19 15:20:23|Super excited about The Climate Pledge. Impossible to do this without @CFigueres. So grateful to you, Christiana. #ClimatePledge #Paris10YearsEarly https://t.co/E9hkaLat5V|2994|409
2019-09-17 14:55:21|Yesterday the first Amazon Air plane loaded with relief items arrived in Nassau, Bahamas to help victims of #HurricaneDorian. The cargo weight was 72,728 lbs, with approx. 19,300 items on board. Huge thanks to the teams across Amazon who made this happen. https://t.co/iY86RGh9AX https://t.co/YFvC8Xl6mW|4614|559
2019-09-16 22:39:48|Shout out to the new Amazonians who let me drop by their New Hire Orientation today. Incredible to welcome so many smart and passionate people from all over the world. I‚Äôm looking forward to our #AmazonCareerDay events tomorrow! https://t.co/JM6CF1uoRW|4055|309
2019-09-13 14:29:04|Visited the amazing @Nia_House Montessori in Nashville with @mike_m_george. Learned a lot that‚Äôs going to help Day 1 Academies. By the way, ‚ÄúNia‚Äù means ‚Äúpurpose‚Äù in Swahili. Very cool. https://t.co/OhSQeD5jls|2660|252
2019-09-11 19:45:24|Today, we announced that we added 24 schools in #Nashville to our #AmazonFutureEngineer program. Loved celebrating the great news by building robots with students from Madison Middle School. https://t.co/PAjMfl4pEw|5513|628
2019-09-09 14:00:58|We're sending two Amazon Air planes packed with tens of thousands of Amazon-donated and customer-donated relief items to support those impacted by #HurricaneDorian in the Bahamas. Thanks to all the teams who are making this possible. https://t.co/iY86RGh9AX https://t.co/Y3DHueJaXf|5940|748
2019-09-08 13:55:38|Season 2 streams November 1. Can‚Äôt wait. #JackRyan https://t.co/THDtDjGIpQ|7983|642
2019-09-06 18:09:22|Rooting for team India. Good luck, India! #Chandrayaan2 https://t.co/iWWSqPs4nz|44506|7757
2019-08-29 17:23:55|.@BlueOrigin founded nonprofit @clubforfuture to inspire youth to pursue careers in #STEM + visualize life in space. We asked students to send postcards w/their dreams and we‚Äôd send the cards above the K√°rm√°n line to space and back. We‚Äôve received thousands - they‚Äôre so inspiring https://t.co/5fxHoD8DJm|2404|305
2019-08-28 19:42:42|Had a great meeting with Mike George. We‚Äôre hard at work building Day 1 Academies, and Mike has been busy learning from the best in the field. Here are a few pictures from his listening tour ‚Äì visiting the smart and kind early educators from schools across the country. https://t.co/ty1ngS2JCA|3547|255
2019-08-03 03:13:39|RT @blueorigin: BE-4 continues to rack up time on the test stand. Here‚Äôs a great shot of our full power engine test today #GradatimFerocite‚Ä¶|0|447
2019-06-30 14:56:46|#Pride https://t.co/mYq5XuA9Ks|4971|402
2019-06-20 18:10:23|So much fun with Caroline Kennedy yesterday at the #JFKSpaceSummit. Her father‚Äôs Rice speech still inspires. We choose to do these things ‚Äúnot because they are easy, but because they are hard.‚Äù #Apollo50 https://t.co/ZmyBDxzK4V|4874|418
2019-06-20 01:37:25|First hotfire of our #BE7 lunar landing engine just yesterday at Marshall Space Flight Center. Data looks great and hardware is in perfect condition. Test went full planned duration ‚Äì 35 seconds. Kudos to the whole @BlueOrigin team and grateful to @NASA_Marshall for all the help! https://t.co/cTjjrngumY|6216|819
2019-06-16 15:50:56|Happy Father‚Äôs Day. You‚Äôre there for me always, and I feel it. I love you, Dad. https://t.co/o85JWRSTBn|19588|933
2019-06-10 22:09:35|My mom‚Äôs incredible story. Wow. So grateful. So proud. #Grit https://t.co/msi2nHqikf|5517|526
2019-06-06 18:51:03|Got a chance to scout some of the cool tech at the first #reMARS event. @HaptX @Rivian @hseas @wyssinstitute https://t.co/bvG5afbn50|7668|1255
2019-06-06 04:25:07|Leo‚Äôs story is amazing and so is his mom. #AmazonFutureEngineer https://t.co/QQPKg3GZ2T|3812|544
2019-06-06 03:25:16|.@AmazonreMARS is all about bringing the best and brightest together, so it‚Äôs fitting that I got to meet Leo ‚Äî one of the first 100 recipients of the #AmazonFutureEngineer scholarship. I have no doubt Leo is going to be an inventor of tomorrow. https://t.co/vhQzZzA4kl|3384|453
2019-05-28 13:38:44|MacKenzie is going to be amazing and thoughtful and effective at philanthropy, and I‚Äôm proud of her. Her letter is so beautiful. Go get ‚Äòem MacKenzie. https://t.co/S2gLLBQyRQ|8507|972
2019-05-27 13:50:10|Grateful on this #MemorialDay to the fallen servicemen and women ‚Äî and their families ‚Äî for the ultimate sacrifice they made in defending and supporting our nation. The flag in the picture is on display on the factory wall at @BlueOrigin to remind us every day. https://t.co/6Qir3sk3mt|3642|316
2019-05-23 06:25:33|Great annual shareholder meeting today. #Amazon https://t.co/g9keKvGyq0|2184|254
2019-05-16 13:06:57|My dad‚Äôs journey to the U.S. shows how people come together to help each other. We got a chance to celebrate him last night for the opening of the Statue of Liberty‚Äôs new museum. This is his story. https://t.co/VdOtlPY953 https://t.co/E4C1KPho2u|8361|2028
2019-05-16 01:03:29|At the Statue of Liberty, where my dad‚Äôs being honored with a Liberty Star as part of the new museum‚Äôs opening. When he came here from Cuba at 16, not only was he all alone, but he only spoke Spanish. His grit, determination, and optimism are inspiring. #StatueofLibertyMuseum https://t.co/DFhR3Dbf7p|16143|2219
2019-05-14 21:18:19|We‚Äôre investing $1.5 billion in our new air hub to get you your packages faster. Three million square feet, and it‚Äôs going to create 2,000 jobs. And if you‚Äôre guessing that driving a front loader was fun, you‚Äôre right! #amazon #prime https://t.co/Cud4orKrC4|11994|1933
2019-05-12 13:57:47|I‚Äôm lucky enough to call her my mom. She‚Äôs kind, patient, supportive, and has always encouraged me to stay curious. Happy Mother‚Äôs Day, Mom! https://t.co/n1UZV3muZe|11496|629
2019-05-09 23:46:32|Blue Origin is building the infrastructure needed to unleash the next generation of dreamers. I met these young people today, and the future is in great hands. #BlueMoon @clubforfuture https://t.co/F2zPM5PngM|4889|803
2019-05-09 22:51:56|RT @blueorigin: Today, our founder shared our vision to go to space to benefit Earth. We must return to the Moon‚Äîthis time to stay. We‚Äôre r‚Ä¶|0|1684
2019-05-03 00:55:43|Congrats to the whole @blueorigin team! https://t.co/71S53Ucl5l|3567|394
2019-04-11 12:30:35|Been an honor &amp; pleasure having Tom Alberg on Amazon‚Äôs Board. Tom joined in 1996 and has been with us ever since - over 22 years. I‚Äôll miss his sound judgment, deep well of business &amp; life experience, and his quick wit. He's a smart business person and even better human. Thx Tom!|3689|213
2019-04-04 17:10:43|https://t.co/oFGWPkK3dB|11274|1307
2019-04-04 17:10:38|RT @mackenziebezos: https://t.co/OJWn3OOLS6|0|4440
2019-03-19 13:04:05|Thank you @FestoAG, but bigger please‚Ä¶. I want to get on! #ThinkBig #MARS2019 https://t.co/uXqvkf623B|7445|1097
2019-02-07 22:51:01|I‚Äôve written a post about developments with the National Enquirer and its parent company, AMI. You can find it here: https://t.co/G1ykJAPPwy|87748|24539
2019-02-04 02:55:28|"Grateful for the journalists at the @washingtonpost and around the world who do the work, no matter the risk or dangers they face.
#democracydiesindarkness #SuperBowlAd https://t.co/faO74lvSs5 https://t.co/37PLrNLJe0"|28953|6274
2019-01-09 14:17:46|https://t.co/Gb10BDb0x0|33015|6128
2019-01-02 00:35:24|I have outstanding news to ring in 2019. Former Alexa VP &amp; long-time Amazonian Mike George has agreed to lead the Day 1 Academies Fund. Mike is a true builder who knows how to start from scratch, and he‚Äôll bring tremendous energy, grit, and passion to the job. Thank you, Mike! https://t.co/K01N1NZ8ag|6768|676
2018-11-20 14:04:07|Excited to announce the first annual grants from the Bezos Day 1 Families Fund. $97.5 million to 24 organizations doing needle-moving work on family homelessness. Congrats to the recipients ‚Äì we know you‚Äôll spend the money wisely and with heart. https://t.co/aF4Src09zC https://t.co/MMCil3l2cw|7606|1082
2018-11-12 23:09:55|"Had the privilege today of unveiling our newest Amazon Air 767 - ""Valor"" - named in honor of the thousands of Amazonian veterans and military spouses delivering for our customers every day. #VeteransDay #AmazonWarriors https://t.co/bKHDQgb1TN"|9127|1218
2018-11-01 15:05:18|Yep, that‚Äôs me. I was lucky to be exposed to tech and coding at a young age. Inspired a lifelong love of invention. I hope the new Amazon Future Engineer program does the same for some kids today. https://t.co/xNUdyVMOnb https://t.co/RPZEiIHSap|12030|2202
2018-10-23 14:21:27|Amazon just won The American Foundation for the Blind‚Äôs Helen Keller award! Huge kudos to the whole team on working so hard to make our products accessible to the vision impaired! @afb1921 https://t.co/qh6HkQkekB|2835|425
2018-10-15 23:47:49|Very sad to hear of Paul Allen‚Äôs passing. His passion for invention and pushing forward inspired so many. He was relentless to the end. My heart goes out to Paul‚Äôs family and friends.|10906|1560
2018-10-10 21:30:44|Thank you to the @usairforce for your confidence in the @BlueOrigin team and our #NewGlenn rocket. We are proud to serve the national security space community and are committed to providing safe, reliable access to space for the nation. #GradatimFerociter https://t.co/AeO3xXhnUi|4426|696
2018-10-02 15:51:32|Thank you @SenSanders. We‚Äôre excited about this, and also hope others will join in. https://t.co/kasWkkOhWo|19536|3456
2018-09-27 21:24:13|Big win for @BlueOrigin today! And a big thank you to @ulalaunch for choosing our BE-4 engine. Excited to be a part of Vulcan‚Äôs mission to space. #21stCenturyEngine #AllAmericanEngine #GradatimFerociter https://t.co/K0Szt3jesi|2781|472
2018-09-18 17:49:51|Incredible work from the whole @MaiselTV team for 8 #Emmys wins, including Outstanding Comedy Series. Woohoo! https://t.co/mfAwDkVX6s|2324|232
2018-09-13 15:00:06|https://t.co/2GlgjztK1u|25046|6360
2018-07-19 00:35:27|Super proud of the entire Blue Team who came together and made it happen #nevergetsold #gradatimferociter https://t.co/f6e2pdnwGn|2643|387
2018-07-19 00:14:08|Appreciate the support, Mr. Vice President. I‚Äôm thrilled to report from West Texas that the team nailed it today #launchlandrepeat https://t.co/yiIB7zTtde|2069|235
2018-07-18 17:52:38|Crew Capsule looks great even after it was pushed hard by the escape test. Astronauts would have had an exhilarating ride and safe landing. Great engineering and the lucky boots worked again @BlueOrigin #GradatimFerociter https://t.co/ireJ3rWEvs|4031|525
2018-07-01 17:02:13|Wishing @SpecialOlympics tennis competitor (and Amazonian!) Leonard Flowers luck in the @2018USAGames this week! Great event and we‚Äôre proud to be a presenting sponsor. #ChooseToInclude https://t.co/kx6igcmb6e|3623|353
2018-06-17 14:00:25|My dad came here from Cuba all by himself without speaking English when he was 16 years old, and has been kicking ass ever since. Thank you for all the love and heart, Dad! https://t.co/nuavG0yEtM|25596|2859
2018-06-14 01:49:10|https://t.co/phDTXHElBp|10974|1335
2018-05-28 19:45:00|I‚Äôm enjoying this day with my kids but also remembering. Remembering the many sons and daughters who have given up their lives for us and for our sons and daughters. #MemorialDay #HireVets #HireMilitarySpouses https://t.co/mdSr0Ylapx|5425|578
2018-05-16 04:33:22|Tom Wolfe was an amazing journalist and author. Thank you for showing us all what it took to have ‚ÄúThe Right Stuff‚Äù. https://t.co/ObMeU4S92S|2883|351
2018-05-13 15:02:39|You shaped us, you protected us, you let us fall, you picked us up, and you LOVED us, always and unconditionally. Thank you for everything. I love you, Mom. https://t.co/Z8YGMO55C9|8063|522
2018-05-05 14:00:26|Love this quote. It‚Äôs been on my fridge for years, and I see it every time I open the door. #Emerson https://t.co/kN8HjM4bOI|40726|13740
2018-05-02 22:00:48|üòÄ @ConanOBrien @BlueOrigin https://t.co/x3BiCpaLQA|7146|1158
2018-04-30 00:51:08|Highlights from today‚Äôs mission. Don‚Äôt miss the Nerf ball doing a few backflips in zero gravity. #GradatimFerociter @BlueOrigin https://t.co/YxlJRt0MXc|7240|1910
2018-04-29 20:41:55|The lucky boots worked again. Huge kudos and thanks to the entire @BlueOrigin team. #GradatimFerociter https://t.co/P9cUqRNbYv|3770|448
2018-04-29 18:46:03|Apogee of 351,000 feet (66 miles, 107 kilometers), and that‚Äôs the altitude we‚Äôve been targeting for operations. One step closer. #GradatimFerociter @BlueOrigin|3147|420
2018-04-27 12:58:04|Launch preparations are underway for New Shepard‚Äôs 8th test flight, as we continue our progress toward human spaceflight. Currently targeting Sunday 4/29 with launch window opening up at 830am CDT. Livestream info to come. @BlueOrigin #GradatimFerociter https://t.co/zAYpAGWB8C|5545|1145
2018-04-22 20:34:09|Dog sledding above the Arctic Circle in Norway. Jim Lovell says it‚Äôs not that you go to heaven when you die, but ‚Äúyou go to heaven when you‚Äôre born.‚Äù Earth is the best planet in our solar system. We go to space to save the Earth. @BlueOrigin #NoPlanB #GradatimFerociter #EarthDay https://t.co/q0Y9A4KSLm|8527|1233
2018-04-21 00:54:29|Honored to speak at @TheBushCenter Forum on Leadership tonight with Ken Hersh. The spirit of former First Lady Barbara Bush was very much felt at the event. https://t.co/E4TJR9KKs9|2456|292
2018-04-18 10:10:23|At @BestBuy catching up with CEO Hubert Joly and announcing our collaboration on the next generation of smart TVs. Couldn‚Äôt ask for a better partner, and the product is killer. Full Alexa integration: ‚ÄúAlexa, watch ABC‚Äù or ‚ÄúAlexa, watch Westworld.‚Äù #FireTVEdition https://t.co/Dsq8VBOSA7|4696|905
2018-04-16 23:00:17|Great reporting requires patience, grit and a willingness to follow a story wherever it leads, whether Alabama or Moscow. Proud of @washingtonpost #Pulitzer winners! And big congrats to the @nytimes, as well! #DemocracyDiesInDarkness https://t.co/MBMWhh1cQR|15806|3756
2018-04-16 00:53:29|I love Dwayne Johnson @TheRock. Still working on my smolder https://t.co/8GmuZIyFwK https://t.co/WyckQV6rrY|4470|391
2018-04-15 23:42:57|Very comfortable on my kids‚Äô giant panda doing email and putting final touches on this year‚Äôs annual shareholder letter. About to take the kids to see Rampage... https://t.co/OrmMpV4VGj|8274|531
2018-04-14 23:36:20|I made pancakes on this rainy Seattle morning for @ciara and @DangeRussWilson. These guys are as fun as they are talented. Inspiring too. And Russ and I ate our weight in pancakes! #funfriends https://t.co/MWST7oXbVs|5828|559
2018-04-03 23:24:58|Horrible and truly tragic day for YouTube and Google. We are wishing all our very best for the injured and all those affected.|16377|2072
2018-03-19 21:31:06|Taking my new dog for a walk at the #MARS2018 conference. #BostonDynamics https://t.co/vE6CXrvV3o|28062|6915
2018-03-15 17:59:44|Thank you to the @NatReconOfc for having me over to speak. You don‚Äôt want to even imagine the world without these professionals doing the job they do. https://t.co/f3cHWbKwjq|1075|160
2018-03-13 23:07:08|New test video of Blue‚Äôs 550K lbf thrust, ox-rich staged combustion, LNG-fueled BE-4 engine. The test is a mixture ratio sweep at 65% power level and 114 seconds in duration. Methane (or LNG) has proved to be an outstanding fuel choice. @BlueOrigin #GradatimFerociter https://t.co/zWV0jWXIvx|4807|1043
2018-03-10 19:54:50|Kirk or Picard? Picard! #FinalFrontier #GoBoldly https://t.co/mEohTVuKIs|8744|877
2018-02-21 14:05:27|Happy to announce that Amazon Studios is adapting Iain M. Banks‚Äô amazing Culture series ‚Äî a huge personal favorite ‚Äî as a TV series. Can‚Äôt wait! https://t.co/wgEmv65Pm3 https://t.co/NhCGUyRt2L|5127|1373
2018-02-20 14:31:15|Installation has begun‚Äî500 ft tall, all mechanical, powered by day/night thermal cycles, synchronized at solar noon, a symbol for long-term thinking‚Äîthe #10000YearClock is coming together thx to the genius of Danny Hillis, Zander Rose &amp; the whole Clock team! Enjoy the video. https://t.co/FYIyaUIbdJ|10557|3614
2018-02-07 00:26:52|@elonmusk @SpaceX @blueorigin Woohoo! üöÄüöÄüöÄ|4508|401
2018-02-05 14:30:47|Best of luck @SpaceX with the Falcon Heavy launch tomorrow ‚Äì hoping for a beautiful, nominal flight! @BlueOrigin #GradatimFerociter|24552|2525
2018-02-03 14:30:19|The stunning Perito Moreno Glacier in Patagonia. We‚Äôve sent robotic probes to every planet in this solar system. Earth is BY FAR the best one. We go to space to save the Earth. @BlueOrigin #NoPlanB #GradatimFerociter https://t.co/8esV18orcJ|14750|2956
2018-01-08 00:04:33|Wishing best of luck tonight to THE MARVELOUS MRS MAISEL, Rachel Brosnahan, Kevin Bacon, and to the whole cast and crew of THE POST too! #GoldenGlobes https://t.co/UIJriZzmN6|2793|294
2017-12-27 20:03:11|Turns out our Amazon fulfillment center associates in Madrid can dance‚Ä¶ And one got a big surprise at the end! Love it! https://t.co/7MufxruSXe|3652|742
2017-12-15 00:36:48|First use of our landing pad bot #Blue2D2. @blueorigin https://t.co/Ht2P7yVwEs|2865|628
2017-12-15 00:31:02|Full video of Mannequin Skywalker‚Äôs ride to space. Unlike him, you‚Äôll be able to get out of your seat during the zero gee part of the flight. And ignore the pinging sound ‚Äì it‚Äôs just from one of the experiments on this flight. #NewShepard @blueorigin https://t.co/dJ5VEeaWb6 https://t.co/qGQC1vfW7D|2380|721
2017-12-13 03:58:22|#NewShepard had a successful first flight of Crew Capsule 2.0 today. Complete with windows and our instrumented test dummy. He had a great ride. @BlueOrigin https://t.co/PZHXWXjuw9|5980|1851
2017-11-30 22:25:58|Of all the news coming out of AWS #reInvent this week, I hope you didn‚Äôt miss this one. Set a Guinness World Record for largest chicken wing eating competition! Nice! https://t.co/uSfmLOKTU0|2457|599
2017-11-19 15:31:12|Ten years ago today, we launched the first-ever Kindle. Happy 10th birthday @AmazonKindle and thank you to all the Kindle readers and authors! https://t.co/qelfniBSK1|9411|1967
2017-11-13 18:06:30|Amazon Prime heads to Middle Earth. https://t.co/QowUmf8t3S https://t.co/YVciEX3u2t|8484|3336
2017-11-11 00:10:34|Thank you and your boys for your service, Casey! https://t.co/1OhL3D4ijJ|1026|111
2017-11-09 14:00:07|Thank you to the 17,500 veterans and military spouses now working at Amazon. We set a goal last year to hire 25,000 of these leaders by 2021, and are on track to hire even more. #VeteransDay https://t.co/1tIiSZrRtQ|5507|971
2017-11-03 18:01:50|Congrats to the @BestBuy team on their new Alexa skill. Customers can now find and shop Best Buy deals on Alexa. Nice! https://t.co/wWuvIkvgD1|1786|394
2017-10-20 18:15:06|And the winner for best news website is ‚Ä¶ @WashingtonPost. And more. Big congrats to the whole team! #DMNA17 https://t.co/BtridtXjeM|2895|509
2017-10-19 20:42:31|First hotfire of our BE-4 engine is a success. Huge kudos to the whole @BlueOrigin team for this important step! #GradatimFerociter https://t.co/0gk6k6WuPx|2956|723
2017-10-19 13:06:21|Fun day christening Amazon‚Äôs latest wind farm. #RenewableEnergy https://t.co/cTxeXdsFop|17019|4537
2017-10-05 16:22:25|Long my favorite novel. Teaches pain of regret so well you will think you lived it. Congrats, Mr. Ishiguro, so earned! #NobelPrize https://t.co/VBOyLYlIIi|3255|637
2017-10-03 02:49:27|Amazon plane packed with donation of critical supplies landed earlier today in San Juan. Thank you to all the Amazonians who made it happen. https://t.co/w3ksl0SP25|16257|3524
2017-10-02 20:35:28|Thoughts with all those affected in Las Vegas. So much gratitude to all the police &amp; good Samaritans who put their lives on the line to help|2847|399
2017-09-22 19:01:17|"Future engineer, 9-year-old Ryan, signs Amazon gold robot he helped build at another ""30 Days, 30 Smiles"" event #BeatPediatricCancer #GoGold https://t.co/EEpa50nNCI"|3090|567
2017-09-14 00:25:56|.@Amazon supporting ‚Äú30 Days, 30 Smiles‚Äù with @Accorg. Today, a surprise visit to @BlueOrigin. #BeatPediatricCancer https://t.co/RErtOuuJDm|2406|449
2017-08-30 14:19:25|Alexa has made a new friend https://t.co/r7o46eVJq0|4103|1831
2017-08-27 17:52:50|https://t.co/LvRG16ZhbF|2022|248
2017-08-10 18:31:22|A pleasure to host #SecDef James Mattis at Amazon HQ in Seattle today https://t.co/JnQZoSOnFN|5238|1148
2017-08-09 16:42:36|Couldn‚Äôt happen to a nicer guy. Congratulations @jeffreytambor! https://t.co/543RCTusqX|2175|224
2017-08-05 00:24:02|Awesome! Good luck this weekend @JimmyShane1! https://t.co/EFor5kuYLn|627|78
2017-08-02 15:49:02|Incredible turnout to see the first booster ever to fly into space and land vertically upon the Earth. #BlueOrigin #Oshkosh https://t.co/fh9KqVBCUo|3497|761
2017-07-17 02:48:38|Mike Collins cracking us all up last night. https://t.co/bnpHp0ZCK4|1282|154
2017-07-17 02:47:22|Huge thanks from the whole @BlueOrigin team, Buzz https://t.co/LRKyd5ncil|1771|264
2017-07-10 18:13:23|Going to Oshkosh? Come sit inside @BlueOrigin‚Äôs crew capsule and enjoy a simulated ride to space @EAA #OSH17 https://t.co/E6uejQLDgG https://t.co/EjUuY5bdw7|2060|512
2017-07-06 02:22:41|This is a gigantic compliment to our teams. Best of luck Haggler in your continuing adventures. #CustomerObsession https://t.co/LyGg3aD5QM|1061|231
2017-06-25 18:39:56|Terrific meeting with @narendramodi. Always impressed, energized by optimism and invention in India. Excited to keep investing and growing. https://t.co/xhQ58dik3y|8035|3391
2017-06-19 14:20:47|Amazing to share this moment with the @BlueOrigin team and my family. https://t.co/1fgM9jExs9|1132|163
2017-06-18 22:32:55|And here‚Äôs me and my dad. I‚Äôm a very lucky son. I love you, Dad. #FathersDay https://t.co/mEBsN88DLG|2972|153
2017-06-18 22:29:10|Flipping pancakes, Lego Saturn V, Wonder Woman matinee. Love being a dad. #FathersDay https://t.co/L9Q7zW1p0A|2699|194
2017-06-15 18:22:53|Request for ideas‚Ä¶ https://t.co/j6D68mhseL|21324|9282
2017-06-14 15:29:24|Rooftop #solar panels at our 1 million-square-foot fulfillment center in Baltimore now live. 50+ solar FCs will come online by 2020. https://t.co/eUpoxZ0eTt|2937|713
2017-06-12 18:46:04|Congrats to Jeff on his long-term leadership. John, you have size 20 shoes to fill! GE remains an American gem. https://t.co/oFF4yp9J4e|928|202
2017-05-20 18:56:29|Super fun morning talking rockets with a very cool group of students. Great questions. Thx to all the students and to @museumofflight! https://t.co/adXbn3bdon|1009|156
2017-05-14 21:25:08|I won the lottery with my mom. Thanks for literally everything, Mom. https://t.co/gEuVgxotdw|4928|421
2017-05-05 00:06:10|First plant in the ground at #TheSpheres, 39,999 to go. Public tours start 2018. https://t.co/6Jgo4cLb7o|2118|563
2017-04-01 23:31:09|Thanks @TheRealBuzz! That cute little guy is the future! https://t.co/nx75sAUYW8|825|111
2017-03-30 18:59:52|My parents rock. https://t.co/uPAJ1SaR4p|2180|353
2017-03-29 22:41:58|Impossible to express how personally meaningful this is. A dream. Huge kudos to @BlueOrigin team that worked so hard https://t.co/q2P0Lsi81U https://t.co/D56XNkIiBP|1338|319
2017-03-20 05:16:46|I just got to pilot an awesome (and huge) robot thanks to Hankook Mirae Technology. Nice! #MARS2017 https://t.co/MvN6ghEYFi|5501|2187
2017-03-13 17:37:23|Thanks LA Times for choosing WaPo's Arc Publishing for your digital platform, and kudos to tech team at The Post! https://t.co/zhHgVZvXh1|498|129
2017-03-10 15:32:55|OK. Definitely want to buy a bottle of this‚Ä¶ https://t.co/saLQyiaV2c|1229|229
2017-03-08 13:30:34|Adding to the #NewGlenn launch manifest. Agreement with #OneWeb for five launches initially. Happy to work with you @Greg_Wyler https://t.co/4m5LiTzl9R|914|243
2017-03-07 13:56:59|Excited to announce we have signed our 1st #NewGlenn customer. Welcome to the launch manifest @Eutelsat_SA https://t.co/fTeKKneYnJ|1097|297
2017-03-06 13:51:53|Here‚Äôs one more shot of BE-4 in its transport cradle. https://t.co/T2HdZ3UtQZ|1934|592
2017-03-06 13:48:34|1st BE-4 engine fully assembled. 2nd and 3rd following close behind. #GradatimFerociter https://t.co/duE4Tnzvkx|1622|554
2017-03-04 22:33:10|RT @amazonnews: Kudos Palm Coast STEM--new record for tallest self-supporting toy tower. 5k pieces, 14‚Äô1‚Äù tall using exclusive toy from Ama‚Ä¶|0|47
2017-03-01 16:04:48|RT @amazonnews: Very cool. 7-year-old boy starts own food pantry to help hungry kids https://t.co/vrjyByOAyX|0|158
2017-02-27 04:54:52|Congrats to Casey Affleck on his Best Actor win. So earned. #ManchesterByTheSea #Oscars @AmazonStudios @MBTSMovie|1097|240
2017-02-27 04:34:38|Bravo to Kenny Lonergan on his well-deserved #Oscars win for Best Original Screenplay @AmazonStudios @MBTSMovie|680|134
2017-02-27 03:04:11|#TheSalesman takes home the Oscar for Best Foreign Language Film. Well done Asghar Farhadi and team @AmazonStudios #Oscars|2009|582
2017-02-19 00:39:58|Excited to share our urban campus with this terrific organization @FareStart https://t.co/SNJkMK6hz5|832|193
2017-02-14 19:29:00|Love this story https://t.co/PwXQSZ9Xaw of not 1, but 4 couples, who met @ Amazon FC in KY. Love is in the air‚Ä¶ Happy Valentine's day! https://t.co/rn3ctg98Qu|711|101
2017-02-07 22:45:25|And on the NYPost article, if anybody knows how to get 20% margins in groceries, call me! :)|1800|423
2017-02-07 19:50:34|.@nypost, whoever your anonymous sources are on this story https://t.co/VFyzGQcOAZ ‚Äì they‚Äôve mixed up their meds!|1036|427
2017-02-02 17:55:56|Buzz Aldrin dropped by Blue Origin HQ to say hi to the team yesterday. Thanks @TheRealBuzz! https://t.co/JiCdI77ij6|1880|397
2017-01-31 01:05:50|RT @RoyPrice: Asghar Farhadi, @AmazonStudios understands and supports your decision not to attend the Oscars.|0|129
2017-01-05 19:21:47|I agree we need a superhighway in space. https://t.co/iEVk7nP3aA|1027|401
2016-12-14 13:58:33|First-ever #AmazonPrimeAir customer delivery is in the books. 13 min‚Äîclick to delivery. Check out the video: https://t.co/Xl8HiQMA1S https://t.co/5HGsmHvPlE|7214|5950
2016-12-09 23:32:13|The Spheres‚Äô first snow‚Ä¶ thanks @mAColors for the great pic https://t.co/WnOtTAixjU|1342|393
2016-12-08 21:38:03|Thank you, John Glenn. Godspeed.|1588|384
2016-12-08 06:01:42|Late Late Show‚Äôs @JKCorden on Amazon Go ‚Äì very funny! https://t.co/OOw3eV2l1x|654|180
2016-12-01 20:55:10|So proud of my brother https://t.co/qIRKtbamXs, and here‚Äôs his TED talk https://t.co/tYCodFJXoe.|697|162
2016-11-17 19:30:24|Love this TV commercial for Amazon Prime. Very proud of our ad team. https://t.co/E8ceXs4nte|2972|1709
2016-11-17 16:57:12|Long wait is over‚Ä¶ Clarkson, Hammond, May are back‚Ä¶ #TheGrandTour premieres tonight in UK, US, DE, JP. And globally in Dec. https://t.co/dfQjGGuDFW|7538|2893
2016-11-10 15:01:29|Congratulations to @realDonaldTrump. I for one give him my most open mind and wish him great success in his service to the country.|4587|1651
2016-10-30 15:32:28|https://t.co/U6VjlywrI3|660|148
2016-10-21 23:45:06|Visiting Raisbeck Aviation High School today was so inspiring for me. Awesome students. https://t.co/zUGMXoNqLT|427|76
2016-10-10 20:09:28|Stenciling the 7th and final tortoise onto this hardy and stalwart New Shepard capsule. #GradatimFerociter https://t.co/ciB6rbNPqP|869|195
2016-10-06 17:11:10|Steering through violent MaxQ escape forces is a residual capability, not explicitly engineered. Just a very robust booster. #InFlightEscape|484|91
2016-10-06 17:09:35|Here‚Äôs escape vid in slow mo. #InFlightEscape https://t.co/MrKRiHZu8Y|464|188
2016-10-06 03:11:26|Reflecting on an incredible day. Toasting all 800 of the passionate, brilliant folks at Blue Origin. #InFlightEscape #GradatimFerociter https://t.co/KHJMYHvPud|1342|224
2016-10-05 19:53:03|RT @blueorigin: Moment of separation. #InFlightEscape #GradatimFerociter https://t.co/mZrtmTm1i4|0|303
2016-10-05 18:19:57|That is one hell of a booster. #InFlightEscape #GradatimFerociter https://t.co/7ZRRe2HnMO|4465|2454
2016-10-05 12:55:22|RT @blueorigin: Everything looking good this morning for #InFlightEscape. Live webcast at 10:45 am ET #GradatimFerociter|0|164
2016-10-03 19:21:30|RT @blueorigin: Weather no-go for tomorrow‚Äôs New Shepard #InFlightEscape test. Webcast now Wednesday 10:45 am ET. #GradatimFerociter|0|164
2016-09-29 13:54:09|And here are the details of the escape test https://t.co/LDnJMjhtQ3 #GradatimFerociter|330|114
2016-09-29 13:52:49|RT @blueorigin: Dramatic New Shepard #InFlightEscape test Tuesday, Oct 4. Live webcast starts at 10:50 am ET at https://t.co/WAB1OxL9Dd #Gr‚Ä¶|0|203
2016-09-26 10:10:29|And here‚Äôs the #NewGlenn descent configuration. #GradatimFerociter https://t.co/nYSgZ4TzKA|802|314
2016-09-26 10:09:03|Exciting results from 3 weeks of wind tunnel testing of #NewGlenn at transonic &amp; supersonic speeds. Validated our CFD. https://t.co/VJaNG8tjZK|994|355
2016-09-15 23:16:18|.Thanks @TheRealBuzz &amp; @HeinleinPrize ‚Äì what a fun night! https://t.co/l73vz2W2Oc|326|50
2016-09-12 13:24:10|Blue Origin‚Äôs next step‚Ä¶meet New Glenn #NewGlenn #GradatimFerociter https://t.co/p4gICKZRfi|2386|1345
2016-07-22 14:14:31|.@matteorenzi excited to announce Amazon artificial intelligence &amp; machine learning center in Turin https://t.co/jxa7VxWZHF|1216|717
2016-07-22 14:05:13|Grazie @matteorenzi for wonderful conversation at Palazzo Vecchio. https://t.co/JGewdL8LAc|596|229
2016-07-21 15:11:39|Cool new project from @smithsonian &amp; @autodesk lets you virtually explore Apollo 11 Command Module. https://t.co/9fjWKWsguH|442|188
2016-07-20 16:14:42|Bucket list. Cast, crew and Justin Lin @trailingjohnson were amazing. #StarTrekBeyond https://t.co/VJ95D8pQeK|1115|384
2016-07-20 16:00:06|.@trailingjohnson Amazing experience. Thank you! https://t.co/Aj3J88eqrw|244|50
2016-06-19 15:35:11|Careful engineering plus of course ‚Ä¶ the lucky boots. Successful mission. #RocketsReused #GradatimFerociter https://t.co/ON5lhfGPSK|849|200
2016-06-19 13:24:38|Loading propellants. Looking good for this morning‚Äôs launch. #GradatimFerociter|349|112
2016-06-19 00:23:58|Thanks @VirginGalactic! So agree space needs all of us. #GradatimFerociter https://t.co/nlJsbWSv20|537|145
2016-06-17 13:58:37|And of course ‚Äì development test flight ‚Äì anything can happen. #GradatimFerociter|203|45
2016-06-17 13:55:47|Look for one-chute-out test starting about 7 minutes into flight + continue pushing envelope on booster. #GradatimFerociter|227|74
2016-06-17 13:52:42|Watching a rocket launch (and rocket landing!) might add a little extra fun w/ kids on Father's Day. #GradatimFerociter|295|82
2016-06-17 13:49:25|New Shepard launch set for Sunday at 10:15 am ET. Live webcast starts at 9:45 am ET at https://t.co/WTXblOKlvk #GradatimFerociter|429|309
2016-06-16 13:50:50|Replacing leaking O-ring in capsule‚Äôs nitrogen gas pressurization system. Rescheduling flight to Sunday. #GradatimFerociter|332|124
2016-06-13 13:36:03|Flight to test one-chute-out failure scenario &amp; push envelope on booster maneuvers #GradatimFerociter https://t.co/oWIGMqMCoa|463|140
2016-06-13 13:29:40|Trying for 4th flight of same hardware this Friday. Live webcast at https://t.co/XlqW03DcEB #GradatimFerociter https://t.co/AKyv3newmN|771|366
2016-06-01 03:34:18|RT @garciajm3D: Interested in the #CareerChoice program @JeffBezos mentioned at @recode #CodeCon? DM me or find out more here: https://t.co‚Ä¶|0|59
2016-05-09 21:58:57|Landing sequence caught by our GH2 vent cam. Watch for gear deployment in the shadow. #GradatimFerociter https://t.co/QHvSdjJ2Se|562|263
2016-05-05 20:00:42|Thank you @FLOTUS for all you do with @JoiningForces. We're excited to add 25K more @Amazon Warriors to our ranks. https://t.co/ZSZ2DInOhZ|362|115
2016-04-29 22:08:30|Ridiculously cute. #Alexa https://t.co/OG7g2cgIXS|324|63
2016-04-19 02:19:37|Champagne cracked in the newsroom today. Congratulations to all @washingtonpost on Pulitzers!|413|97
2016-04-18 22:44:53|You counseled so many. Your wisdom and warmth will be remembered. Rest in peace Bill Campbell.|433|120
2016-04-07 23:12:06|Thank you and congrats to my friends and colleagues Jeff and Andy ‚Äì very well deserved! https://t.co/hGLGMDluKu|501|189
2016-04-04 16:59:10|Heads up readers ‚Äì all-new, top of the line Kindle almost ready. 8th generation. Details next week.|1560|1087
2016-04-03 21:57:17|Video from yesterday's flight now live: https://t.co/vBvPYpGFrQ Great view of dramatic booster deceleration.|954|677
2016-04-02 15:47:35|We‚Äôll share mission video including aerial as soon as we‚Äôre able to get it processed.#GradatimFerociter @BlueOrigin|372|115
2016-04-02 15:36:43|My Gradatim Ferociter boots. Gift from a friend &amp; they brought luck today. #LaunchLandRepeat @BlueOrigin https://t.co/3szqLGMI7s|365|62
2016-04-02 15:28:26|CC touchdown confirmed. #LaunchLandRepeat @BlueOrigin|501|215
2016-04-02 15:26:47|"Flawless BE-3 restart and perfect booster landing. CC chutes
deployed. @BlueOrigin"|564|286
2016-04-02 15:18:39|Liftoff and New Shepard is climbing to apogee. @BlueOrigin|273|103
2016-04-02 14:36:31|Crew Capsule is locked &amp; ready for flt. Tortoises mark successful CC missions. #LaunchLandRepeat @BlueOrigin https://t.co/akPaP9EFIu|378|136
2016-04-02 14:28:50|"Readying¬†Crew Capsule for flt. Clear skies in TX.
Tracking for morning launch. #LaunchLandRepeat @BlueOrigin https://t.co/X22DBlf9ZE"|368|126
2016-04-01 22:28:37|Two university microgravity experiments on tomorrow‚Äôs @blueorigin flight. Short vids: https://t.co/lHW6lsqCAY  https://t.co/VAYuFJRk7H|225|92
2016-04-01 19:35:53|We‚Äôll have drone cameras in the air and hopefully will get good aerial footage to share. #LaunchLandRepeat @BlueOrigin|277|92
2016-04-01 19:34:13|Also, a new more efficient RCS algorithm on the Crew Capsule. Big performance win if it works. #LaunchLandRepeat @BlueOrigin|191|52
2016-04-01 19:32:40|Pushing the envelope. Restarting BE-3 fast @ high thrust, just 3600 ft from ground. Impact in 6 sec if engine doesn‚Äôt restart &amp; ramp fast.|234|71
2016-04-01 19:31:08|Working to fly again tomorrow. Same vehicle. Third time. #LaunchLandRepeat @BlueOrigin https://t.co/e1ZfYAibK2|670|315
2016-04-01 00:21:12|Got a little help from Amazon Robotics on stage today at our All-Hands in Seattle   https://t.co/8Ies2thPmr|780|318
2016-03-29 21:54:33|OK, this is the most hilarious Echo video yet: https://t.co/H6QJ28UYec|410|154
2016-03-15 02:37:02|James Hamilton‚Äôs retrospective on 10 years of AWS is excellent: https://t.co/NL8GFMjvdz Kudos and congrats to the whole team!|486|236
2016-02-24 20:56:56|Marty's piece today is so inspiring. Thank you, @PostBaron! #BadAssReporting https://t.co/pVkjdXm97y|205|54
2016-02-11 18:33:21|Hope, somewhere in space-time, Einstein is seeing this. https://t.co/6EMJgffrIs #LIGO|677|345
2016-02-10 21:00:09|Mr. Prime Minister @matteorenzi, we are so proud of Diego. Great for Italy. Kudos to all! https://t.co/Mk0jcTZ2gT|776|702
2016-02-03 20:42:38|Nice. Blue Origin team just nominated for time-honored aviation award, the Collier Trophy! All the nominees here: https://t.co/PvGu1PI9TW|319|89
2016-01-23 03:03:17|Can a used rocket fly? Video + a few technical details at https://t.co/8JUKBLg8fi  https://t.co/JWpi3yGDWq|1042|739
2016-01-17 20:08:41|Impressive launch and @SpaceX will soon make Falcon 9 landings routine ‚Äì so good for space! Kudos SpaceX!|1816|538
2016-01-17 14:39:33|Believe me, if you‚Äôre ever tossed in a foreign prison, you want Fred Ryan and Marty Baron on the team working to get you out. #JasonIsFree|705|293
2016-01-17 14:39:02|Wheels up and out of Iranian airspace! Jason, Yegi, and Mary aboard. Doug Jehl and Ali Rezaian worked tirelessly on this. #JasonIsFree|652|288
2016-01-16 17:48:20|Is Yegi on the plane? #JasonIsFree|205|48
2016-01-12 19:22:10|Grail: Risky, but if works, big breakthrough in broad spectrum EARLY cancer detection. Brilliant scientists. https://t.co/CmGslKGLOV|346|158
2015-12-22 01:49:58|Congrats @SpaceX on landing Falcon's suborbital booster stage.  Welcome to the club!|2575|1333
2015-12-07 23:30:53|Finally trashed by @realDonaldTrump. Will still reserve him a seat on the Blue Origin rocket. #sendDonaldtospace https://t.co/9OypFoxZk3|9770|7604
2015-12-03 16:31:29|What 400 very happy rocket scientists look like. https://t.co/FwrZHuB8RD|895|494
2015-11-30 22:52:26|Breakthrough Energy Coalition. When in a box, only way out is to invent your way out. Thx to @BillGates for pulling this together.|594|233
2015-11-24 11:14:26|The rarest of beasts - a used rocket. Controlled landing not easy, but done right, can look easy. Check out video: https://t.co/9OypFoxZk3|5692|5871
